ID,Ttime_Car (s),Ttime_PT (s),Ttime_bike (s),Distance (m)
1160,144,142,139,569
1161,300,142,263,1245
1159,41,152,40,197
1158,142,210,77,673
1157,139,221,127,696
1156,49,223,88,292
1155,51,227,95,299
1153,52,230,90,302
1154,52,230,90,302
1151,170,232,243,927
1150,102,237,116,479
1145,55,239,92,314
1146,55,239,92,314
1147,55,239,92,314
1148,55,239,92,314
1149,55,239,92,314
1141,56,249,88,331
1139,208,255,211,1006
1137,97,264,95,356
1134,124,270,96,351
1135,134,270,95,532
1130,143,289,99,569
1128,124,297,103,351
1125,124,303,104,351
1123,130,335,113,399
1121,189,342,177,776
1118,123,355,112,475
1117,127,356,112,474
1099,131,377,118,501
1076,263,408,173,1723
1075,100,412,261,634
116,2702,4708,9201,49980
1068,110,424,133,634
1064,192,445,140,1019
1053,245,460,144,995
1041,232,500,158,1554
1040,117,501,151,667
1039,219,506,145,1503
1027,313,595,357,1912
1025,192,613,177,814
1018,217,636,355,1611
1014,177,660,187,875
94,2765,5019,9003,48339
1011,178,664,188,881
1010,147,666,220,939
1008,193,677,197,944
1005,147,687,250,885
102,2852,4875,9148,48053
1006,147,687,250,885
1003,153,700,250,944
1001,127,712,254,846
997,270,738,380,1383
995,202,739,204,984
996,202,739,204,984
148,2787,4347,8329,46192
992,271,746,382,1389
988,393,757,361,1721
984,279,777,390,1432
978,292,797,427,1706
979,292,797,427,1706
974,352,806,439,2542
971,276,829,449,1742
970,215,833,458,1647
969,316,836,404,2000
968,289,842,451,1757
967,290,844,451,1760
966,290,845,452,1764
961,215,867,261,1532
959,319,873,393,2007
958,649,888,654,3026
956,249,890,493,1647
954,571,898,528,2570
947,225,926,277,1608
946,646,927,657,3016
943,317,936,525,2531
944,317,936,525,2531
945,269,936,420,2001
942,256,939,413,1467
941,320,951,530,2563
940,322,969,532,2577
934,638,994,681,2964
932,252,1001,368,1302
931,451,1002,552,3298
930,314,1009,493,2255
925,703,1013,692,2847
926,703,1013,692,2847
927,575,1013,536,2631
922,532,1018,675,3960
920,365,1031,571,2604
918,374,1050,576,2654
916,693,1072,584,2756
912,289,1085,512,2116
907,256,1095,481,1857
196,2716,4049,8748,45717
905,251,1107,382,1810
903,309,1108,469,2214
904,822,1108,854,4119
899,287,1117,514,2104
888,496,1148,774,3652
887,901,1154,961,4792
886,902,1159,964,4798
32,2425,5819,6695,42072
875,279,1197,532,2035
864,764,1246,770,3790
856,817,1303,874,4337
874,526,1200,751,3823
867,565,1235,731,4052
865,581,1239,740,4103
855,589,1306,791,4179
680,995,1913,1448,6990
872,293,1213,443,2075
870,342,1222,507,2488
869,331,1226,566,2433
862,397,1258,495,2677
857,349,1293,444,2241
395,2170,3170,6677,41131
808,530,1624,644,3552
848,818,1366,871,4332
929,770,1010,811,4083
881,569,1186,721,4036
962,577,865,792,4014
913,488,1077,688,3765
928,450,1011,555,3287
894,703,1127,692,2847
1020,329,624,568,2425
244,2669,3780,6988,39578
965,290,845,452,1764
964,218,849,462,1669
1038,219,506,145,1503
892,286,1128,405,1472
955,209,895,315,1209
973,185,810,338,1170
1049,239,475,149,974
1065,155,432,171,894
1122,130,335,113,399
1140,56,249,88,331
1144,55,239,92,314
1152,52,230,90,302
1142,165,245,183,866
1143,165,245,183,866
1138,174,263,184,878
1136,225,265,282,1355
1133,225,272,294,1272
1132,174,275,196,923
1131,250,278,253,1452
1129,103,293,102,398
1127,297,298,376,2185
431,1945,2996,5607,36695
1126,172,300,118,929
1124,236,325,293,1430
1119,290,351,369,2144
1113,153,371,151,523
1114,153,371,151,523
1115,153,371,151,523
1103,286,372,364,2115
1104,282,372,261,1579
1105,282,372,261,1579
1106,282,372,261,1579
1107,282,372,261,1579
1108,282,372,261,1579
1109,282,372,261,1579
1110,282,372,261,1579
1111,282,372,261,1579
1100,192,377,144,1019
1098,153,382,151,523
1093,285,385,264,1597
1094,285,385,264,1597
1095,285,385,264,1597
1096,285,385,264,1597
1097,360,385,264,4000
1090,156,386,154,544
1085,223,396,221,1124
1086,156,396,154,544
1087,156,396,154,544
1088,156,396,154,544
263,2158,3720,6589,35435
1089,156,396,154,544
1079,297,404,275,1660
1080,297,404,275,1660
1081,297,404,275,1660
1082,297,404,275,1660
1083,297,404,275,1660
1084,297,404,275,1660
1074,147,415,154,569
1071,293,417,272,1641
1072,293,417,272,1641
1073,293,417,272,1641
1069,219,418,224,1107
294,2301,3571,6979,34439
1070,219,418,224,1107
1067,225,428,236,1115
1066,226,432,237,1121
259,2146,3729,6262,33297
1063,417,451,407,2869
1056,405,459,364,1701
176,1889,4183,4992,32314
1057,309,459,262,1717
189,2000,4086,5672,31552
1058,309,459,262,1717
1059,309,459,262,1717
1060,309,459,262,1717
1061,309,459,262,1717
1052,358,469,451,2546
204,2314,3964,6246,31104
1051,237,471,240,1159
1050,415,472,354,1822
1046,355,481,454,2530
437,1904,2949,5730,30809
1047,360,481,454,3000
1045,241,491,244,1188
1042,242,497,245,1197
1043,242,497,245,1197
1037,339,518,406,2218
1036,444,523,443,2819
1033,342,535,409,2242
1032,390,541,335,1701
1031,426,553,357,1762
1030,445,569,503,2811
1028,352,577,417,2308
1029,352,577,417,2308
1026,338,606,327,1541
1024,304,613,299,1911
1023,378,616,430,2658
1019,508,635,526,3133
1017,438,646,522,2902
1016,446,648,527,2900
1015,475,659,355,3103
1012,336,661,314,1462
1013,336,661,314,1462
1009,491,667,329,3132
1007,340,684,385,1986
1004,437,699,362,1781
1002,506,701,522,3122
999,544,713,537,3319
1000,544,713,537,3319
998,229,726,308,1720
994,428,741,365,1734
991,584,748,492,3489
989,489,752,546,3049
990,454,752,355,2979
987,524,758,517,3617
986,408,761,329,2132
985,252,777,236,1058
678,1872,1919,3844,30694
982,580,782,566,3486
983,580,782,566,3486
981,557,783,553,3672
980,241,789,267,1237
977,470,800,342,3047
976,589,805,557,3848
975,373,806,399,1897
972,482,825,337,3079
963,175,862,220,1233
960,535,868,595,3377
957,410,890,444,2006
953,445,899,503,2811
951,576,900,571,3834
679,1871,1915,3843,30688
708,1704,1856,3650,30132
952,576,900,571,3834
948,549,925,608,3639
949,549,925,608,3639
616,1671,2146,3590,30102
939,448,977,500,2836
938,195,980,255,1384
937,598,981,596,3941
936,544,984,519,3323
935,521,991,538,3207
933,591,994,843,3000
923,549,1017,615,3435
924,549,1017,615,3435
921,542,1019,560,3280
919,410,1032,444,2006
917,549,1053,608,3639
915,591,1074,612,3607
914,628,1075,882,3868
911,741,1086,1031,5399
910,592,1087,654,3621
909,724,1088,1041,5407
908,560,1094,609,3196
807,1831,1627,5195,21355
776,2074,1696,3939,18461
749,2100,1740,5100,18814
676,1873,1921,3861,30694
673,1874,1928,4622,22697
669,1985,1955,4336,19907
208,2183,3950,5519,30024
627,2400,2100,7200,34000
906,569,1106,609,3529
902,865,1109,1001,6342
900,571,1117,611,3544
901,571,1117,611,3544
897,620,1122,897,3935
656,1618,1996,3669,29668
898,742,1122,1038,5449
896,638,1124,898,3903
895,586,1127,630,3586
843,984,1416,1822,9643
893,579,1128,615,3559
891,573,1133,630,3502
889,624,1140,903,3961
890,761,1140,1043,5476
885,761,1161,1043,5476
884,901,1172,1241,6562
883,595,1178,627,3627
87,3687,5115,11077,69254
822,1016,1566,1884,9873
882,728,1179,1060,5237
878,580,1194,629,3617
877,904,1195,1265,6499
860,942,1258,1305,6668
861,942,1258,1305,6668
859,949,1270,1295,6702
858,956,1275,1337,6804
873,771,1208,1067,5619
851,816,1329,1092,5805
849,858,1351,1098,5971
847,997,1386,1354,7012
846,1001,1399,1362,7081
844,994,1405,1348,6987
841,973,1436,1352,6902
840,1001,1438,1362,7081
839,979,1440,1370,6981
837,1003,1447,1364,7093
838,1003,1447,1364,7093
834,984,1452,1363,7017
824,1036,1556,1478,7373
871,580,1214,634,3617
868,599,1228,639,3669
863,604,1253,649,3725
854,648,1311,539,3812
853,628,1324,665,3820
850,659,1343,532,3853
845,682,1400,974,4315
835,720,1452,1363,5000
836,720,1452,1363,5000
829,702,1534,1026,5217
827,791,1546,925,5314
818,622,1585,944,5468
814,791,1594,1104,5787
665,1841,1964,5153,21558
660,1873,1981,3861,30694
659,1862,1983,3822,30572
654,1646,1998,3707,29633
651,1337,2013,3162,17208
646,1836,2028,3843,30421
630,1618,2085,3770,29465
624,1697,2108,3771,29953
621,1719,2122,3768,30070
617,1671,2146,3590,30102
609,1859,2162,3772,30604
608,1816,2169,3796,30347
607,1749,2170,3680,31056
606,1820,2184,3816,30346
604,1639,2195,3752,29500
596,2099,2225,6439,33986
590,1645,2259,3711,29674
587,1803,2273,3725,17824
581,1806,2290,3729,17849
582,1806,2290,3729,17849
553,2100,2400,5400,31000
548,2004,2433,5077,34740
542,1959,2459,6368,32199
812,680,1614,1039,5083
811,707,1615,1059,4575
809,785,1623,1142,5760
805,667,1633,963,4630
804,719,1636,1103,5264
803,729,1639,1108,5391
801,762,1644,961,7663
798,806,1648,1135,6121
797,748,1654,913,5118
791,701,1664,991,4885
790,612,1669,969,5569
788,719,1670,1103,5264
784,703,1679,831,4767
783,902,1681,1282,6799
780,819,1686,1111,5910
779,668,1689,962,4843
778,778,1690,1079,5903
775,841,1696,1174,6197
771,923,1704,1082,7568
766,776,1706,1230,5662
765,937,1708,1392,9070
618,1620,2135,3739,29415
762,888,1709,1236,6414
761,967,1712,1195,6731
758,907,1725,1292,6873
757,835,1727,1148,6106
756,851,1729,927,5561
750,685,1738,923,4694
746,741,1744,1047,5112
747,680,1744,912,4689
748,680,1744,912,4689
198,1878,4028,4984,29075
742,911,1763,1300,6926
741,695,1764,915,4921
739,711,1769,951,5032
737,1032,1784,1436,7458
735,708,1797,914,4966
731,709,1799,914,4969
730,700,1800,941,4953
727,702,1805,1026,5217
728,936,1805,1201,6345
726,860,1808,1185,6348
723,943,1825,1590,8982
722,864,1826,1189,9735
719,899,1841,1132,7179
715,1041,1843,1557,11068
710,1004,1852,1222,6778
711,1004,1852,1222,6778
707,949,1858,1179,6432
702,837,1874,1228,6808
701,1084,1876,1504,11818
698,730,1878,1041,5395
699,730,1878,1041,5395
696,1057,1885,1524,10294
691,1077,1891,1495,11784
689,729,1892,1040,5392
690,729,1892,1040,5392
687,763,1898,1122,7109
681,930,1909,1623,9236
675,1061,1922,1526,10306
674,993,1926,1833,10260
670,1064,1948,1534,10362
667,896,1961,1137,7192
258,2148,3734,4776,26007
664,897,1965,1081,8047
663,948,1967,1633,9152
661,1063,1973,1540,10397
536,2010,2482,5803,25752
658,857,1991,841,5600
648,910,2022,1088,7483
639,1038,2062,1991,10778
640,1038,2062,1991,10778
634,1077,2076,2041,11065
594,1791,2233,4055,25679
631,1049,2082,1992,10811
628,1046,2095,1822,10682
626,886,2103,1189,7178
597,1018,2217,1641,9991
718,1048,1842,1577,11113
610,1033,2162,2007,10864
706,1061,1862,1526,10306
736,853,1792,1080,7735
688,762,1894,961,7663
683,816,1905,1054,7655
842,972,1433,1352,6899
725,820,1820,875,6257
704,965,1869,1465,7956
828,805,1536,1135,5648
876,762,1196,1049,5524
700,896,1877,1614,6579
709,746,1856,1096,5451
753,710,1733,1031,5325
714,677,1843,1034,5065
126,1983,4613,4714,23958
693,722,1890,869,4847
672,737,1940,880,4918
657,733,1993,853,4728
653,703,2000,1103,5195
623,712,2112,790,4277
620,712,2124,790,4277
703,786,1872,922,5295
744,719,1747,1103,5261
647,668,2022,1076,5021
666,744,1963,885,4950
785,701,1676,991,4885
692,722,1890,869,4847
879,666,1192,853,4011
950,555,901,495,3313
880,512,1190,591,3251
1035,408,527,458,2820
1048,363,478,449,2418
1054,309,459,262,1717
1055,309,459,262,1717
1062,298,453,245,1706
652,1082,2011,2002,10998
1077,297,404,275,1660
1078,297,404,275,1660
1091,285,385,264,1597
1092,285,385,264,1597
287,1565,3599,3715,23554
644,1039,2040,1603,10613
1101,282,372,261,1579
643,1192,2042,2434,12867
1102,282,372,261,1579
1120,272,345,232,1545
1044,242,493,245,1191
638,1380,2063,3124,17282
637,937,2066,1480,8046
1116,204,364,216,1032
636,1255,2073,3025,17018
993,248,745,227,1016
1021,191,623,168,860
632,960,2079,1505,10441
1022,191,623,168,860
629,1354,2086,3087,17431
1034,190,530,180,732
1112,153,371,151,523
866,1023,1238,1417,7403
622,1167,2119,2528,13704
619,922,2126,1463,10339
852,995,1326,1393,7453
614,1148,2152,2503,13546
833,1178,1496,2171,14647
832,1268,1503,2236,15319
831,1257,1521,2225,15260
605,997,2187,1669,9550
603,1350,2197,3212,17398
601,1202,2200,2577,13852
830,1298,1532,2193,15355
826,1322,1548,2287,15452
821,1276,1569,2180,15477
820,1276,1577,2177,15477
819,1287,1582,2246,15361
810,1345,1620,2328,15697
815,1216,1594,2254,15086
800,1179,1646,2138,14661
579,1422,2294,3328,17892
578,1350,2295,3076,15966
577,1221,2301,2466,13311
106,3713,4802,11078,69641
575,1550,2305,2760,18023
795,1155,1655,2121,14440
796,1155,1655,2121,14440
572,1237,2311,2602,13976
571,1194,2317,2496,13537
48,1925,5611,4281,22950
569,1395,2319,3330,17942
570,1395,2319,3330,17942
568,1630,2320,3774,29515
563,1358,2349,3069,15946
564,1358,2349,3069,15946
427,1610,3024,4008,22305
193,1682,4077,3782,21923
561,1290,2352,2802,18322
560,1461,2353,3378,18223
793,991,1659,1419,7372
787,1043,1671,1464,7727
551,1203,2408,3065,16867
550,1750,2409,3682,30458
786,1376,1676,2361,15858
547,1336,2436,3041,15863
545,1272,2447,2634,14159
544,1242,2453,2621,14187
543,1234,2458,2887,17895
540,1386,2466,2934,19038
781,1038,1685,1427,7448
538,1272,2475,2632,14154
537,1274,2480,3206,17136
302,1617,3543,3348,18578
533,1258,2488,2636,14100
532,1661,2492,3932,23960
43,1726,5741,3898,20683
530,1337,2498,3042,15862
483,2180,2724,5252,20358
528,1795,2506,3700,17426
527,1401,2510,3065,16195
69,3184,5393,11830,57915
76,3207,5265,11900,57959
524,1375,2523,3378,17936
523,1832,2525,3804,18065
522,1830,2530,3828,18147
521,1208,2534,3229,16692
55,2341,5532,6480,20000
520,1832,2540,4451,27249
518,1652,2546,3843,24071
519,2059,2546,5695,23256
516,1639,2552,3504,16361
777,1221,1695,2309,15110
774,1346,1698,2336,15695
514,1229,2557,2523,13808
513,1810,2558,4043,25630
512,1872,2591,4135,26238
510,1829,2592,3848,18143
511,1829,2592,3848,18143
509,1917,2598,5719,30832
507,1709,2617,3727,20905
504,1320,2630,2722,14561
503,1420,2632,3374,18222
363,1550,3279,3252,17910
599,2174,2205,4367,19233
593,2102,2246,4242,18818
500,1440,2658,3282,18469
457,1371,2842,3082,15850
387,1566,3218,3227,18030
409,1532,3095,3189,17849
495,1909,2665,6584,32866
493,1385,2675,3279,17982
491,1400,2683,3368,18166
490,2065,2695,4447,18583
773,1041,1700,1430,7473
767,1148,1705,2114,14294
489,2068,2703,6781,33490
488,1407,2709,3391,18054
486,2096,2712,5897,33300
484,1321,2723,3098,17526
768,1148,1705,2114,14294
485,1321,2723,3098,17526
482,1539,2730,3299,14907
479,1993,2732,5690,37122
478,1355,2739,2694,14616
394,1505,3173,3219,17586
428,1513,3016,3174,17726
474,2347,2750,6110,32269
473,2274,2752,5662,20958
472,1554,2757,3998,23248
471,2362,2763,6081,32363
385,1537,3226,3351,15325
470,2077,2766,6709,33461
468,1791,2767,3989,25632
469,2463,2767,6108,33082
466,1727,2806,4006,25572
380,1553,3229,3266,17957
769,1108,1705,1585,8605
463,2120,2814,5013,30562
584,1278,2284,2545,14204
462,2172,2816,5041,20587
461,1390,2827,2815,15273
460,2070,2831,5903,32971
459,2097,2836,5967,33146
455,1997,2847,5830,31179
456,2184,2847,5061,20583
454,1952,2853,4178,26673
452,2127,2858,4738,35444
453,2163,2858,6477,40969
450,1475,2886,2913,15196
449,2007,2905,4314,27527
448,2092,2914,4802,35329
447,1586,2916,3532,19829
355,1585,3325,3283,18132
445,2174,2926,6682,41163
443,1582,2934,3972,23660
442,1628,2936,4139,27095
440,2149,2943,5179,39822
441,2147,2943,5257,20027
439,1594,2945,3923,22033
438,2270,2947,5994,31971
435,1718,2955,3538,16870
433,1634,2975,3486,19929
430,1742,2996,3594,17036
429,1520,3011,3206,14581
369,1574,3260,3271,18120
424,1957,3029,5664,37062
422,1993,3049,4354,27423
770,1052,1705,1479,7767
421,2113,3051,6726,33625
420,2070,3057,4651,28441
418,2100,3060,6600,34000
419,2100,3060,6600,41713
417,1942,3064,5644,36769
416,1922,3078,5616,30690
415,1678,3079,4018,22362
413,1658,3082,4662,26452
763,1381,1709,2358,15878
412,2188,3085,6095,31856
410,1872,3094,5698,30615
206,3300,3960,10800,47000
405,2418,3113,6063,32534
404,2132,3117,4759,19596
402,2153,3135,6687,41057
401,2164,3136,6482,40985
400,2068,3140,4565,34197
399,2100,3147,4700,19317
751,1109,1736,1522,8068
101,2777,4894,10165,46795
397,1950,3160,5785,30992
218,2037,3889,6494,32574
392,1680,3189,4066,22739
391,2211,3198,6212,33860
390,2236,3200,6245,34159
389,1935,3208,4783,29720
3,6064,7597,23949,133076
384,2078,3227,6280,33243
383,2052,3228,4741,31000
381,2250,3229,6638,41525
752,1109,1736,1522,8068
743,1075,1753,1523,7975
382,2312,3229,6866,36124
225,2273,3858,5034,27915
375,1951,3251,5582,30677
529,1048,2500,1912,10397
374,2432,3253,6337,33005
740,1230,1767,2324,15182
372,1973,3254,5902,31260
63,3780,5452,12415,61397
738,1173,1781,2129,14713
368,2086,3261,4717,27267
366,1838,3265,4182,25261
365,2436,3268,6572,34407
555,1068,2398,1751,9941
364,2015,3273,4711,30300
362,2219,3281,6726,41290
361,2259,3283,6650,41602
360,1965,3284,4876,26554
359,2304,3286,6193,34197
358,2078,3301,4540,30642
357,2424,3315,6581,35143
356,2342,3324,6463,34577
354,2433,3328,6369,32893
158,3405,4282,13045,63124
732,1136,1798,2096,14299
351,2889,3347,7202,36183
733,1136,1798,2096,14299
734,1136,1798,2096,14299
346,2189,3360,6086,33638
729,1185,1800,2184,14732
721,1290,1831,2419,15722
345,2341,3365,6384,32189
343,2199,3371,4932,29525
342,2015,3375,5436,30115
341,2120,3378,6435,34925
340,2013,3380,6400,39926
339,2118,3381,4859,19790
337,1963,3387,5173,29404
335,2095,3389,5933,22326
716,1270,1843,2382,15522
396,1858,3162,4420,26057
332,2179,3401,6214,33950
333,2117,3401,4743,19784
331,2219,3402,5737,32337
330,2266,3407,6661,41549
328,1944,3430,4567,26414
713,1423,1845,2415,16016
327,2228,3442,6156,33917
325,2467,3458,8456,41692
323,2067,3470,5669,31484
320,2125,3474,6553,35246
321,2200,3474,6103,33765
318,2274,3489,6789,41635
315,2254,3511,6641,41549
314,2116,3519,4657,25628
312,2177,3524,6089,33616
313,2501,3524,8466,41960
712,1200,1849,1835,15927
310,2282,3530,5810,33007
308,3008,3532,7323,36717
307,2317,3535,6458,36668
305,2257,3539,5760,32558
303,2086,3540,6675,35618
299,2650,3552,7198,43254
297,2539,3553,6512,33468
697,1262,1882,2350,15385
295,2076,3558,5248,30094
296,2144,3558,6183,38757
289,2217,3594,5781,32383
284,2260,3600,4975,29833
285,2260,3600,4975,29833
281,2260,3611,7557,40713
279,3289,3622,9089,52521
278,2374,3625,5849,33242
694,1190,1889,2169,14781
275,2251,3633,6148,33988
276,2992,3633,7286,36500
272,2716,3664,8080,43498
271,2891,3665,8094,44503
267,2381,3712,6522,34911
266,2565,3717,7369,37431
264,2328,3719,6350,34025
260,2806,3726,8396,46206
255,2368,3741,6520,31736
398,1876,3150,4547,24263
246,3056,3772,8470,48054
388,1719,3217,4388,23375
238,3160,3793,9055,52051
235,2423,3801,6428,34917
187,2798,4121,10713,51278
221,2903,3875,7168,35872
105,2750,4806,9265,50174
213,2823,3929,3180,20000
684,1287,1903,2409,15587
74,4027,5319,14557,67489
54,4002,5537,10454,72465
167,3427,4234,9690,56585
162,3325,4251,9836,43451
66,3225,5439,10535,55185
136,3824,4442,12892,67064
671,1296,1945,2353,15380
817,742,1591,1324,7564
813,803,1606,1478,8689
806,709,1629,1337,7444
799,847,1646,1554,9172
794,728,1658,1359,7596
792,803,1663,1478,8689
789,809,1669,1471,8724
782,816,1684,1502,8909
764,818,1708,1450,8744
760,689,1719,1204,6655
759,848,1723,1547,8926
754,853,1731,1566,9237
755,843,1731,1546,9127
745,843,1744,1546,9127
724,848,1821,1547,8926
720,827,1837,1510,8941
717,878,1842,1682,7876
695,1137,1885,1667,8933
686,934,1900,1756,8210
682,1153,1908,1655,11601
668,900,1956,1730,8037
662,952,1970,1705,9961
655,894,1998,1715,8027
650,831,2014,1881,9685
649,1053,2017,1609,8509
645,931,2031,1759,8154
642,1248,2042,1937,16213
508,1056,2616,1522,10427
641,925,2050,1746,8145
635,1243,2073,1846,12210
633,919,2078,1602,9440
499,1090,2662,1980,11187
625,915,2108,1707,7990
615,976,2151,1646,10194
613,888,2153,1963,10100
612,1110,2158,2078,14284
611,1163,2162,1871,11956
598,963,2206,2051,10554
595,1350,2229,2449,15836
592,1236,2252,2372,10786
591,953,2254,2034,11553
588,960,2265,2019,10447
458,1266,2837,3321,17029
585,989,2279,2105,10493
444,1396,2928,2704,14655
580,997,2291,2066,10522
574,1333,2308,2481,15882
379,2400,3240,5400,36000
573,982,2310,2054,10593
559,1215,2370,2475,12329
426,1464,3027,3822,19109
556,1232,2385,2216,15907
423,1519,3048,3837,21535
414,1539,3079,3223,14678
411,1543,3094,3226,14698
324,1922,3459,4487,23001
406,1548,3111,3230,14722
407,1548,3111,3230,14722
353,2043,3333,4830,24134
475,1572,2748,4072,21574
549,1124,2430,2370,12156
476,1572,2748,4072,21574
539,1445,2468,2485,16769
386,1576,3222,4008,22266
501,1473,2639,4012,21396
517,1313,2552,2548,11460
377,1495,3249,3878,19404
376,1601,3250,3995,22374
515,1290,2554,2171,15043
373,1430,3253,3364,20677
371,1519,3256,3907,21895
496,1558,2664,4074,21430
367,1486,3263,4398,18444
252,2678,3755,6995,39100
194,2673,4063,7024,39573
352,1447,3346,3338,20866
350,1436,3348,3367,20852
349,1539,3349,3881,23354
825,1338,1555,2327,15649
802,1297,1642,2260,15446
344,1575,3366,3997,22287
338,1486,3382,2854,15672
336,1244,3388,3426,17010
329,1455,3411,3368,20936
772,1287,1702,2246,15361
186,2633,4122,6869,39105
586,1247,2276,2244,15200
319,1798,3485,4672,21595
557,1142,2384,2403,12349
583,987,2285,2047,10469
311,1921,3526,4793,29378
309,1693,3531,4253,30791
306,2037,3537,6156,32820
535,984,2483,2045,10432
59,3747,5477,13239,60698
301,2050,3546,5204,28701
566,914,2336,2036,10062
685,842,1901,1433,9021
816,915,1593,1730,8123
705,872,1866,1734,7646
677,720,1920,1440,15000
602,872,2198,1945,9916
293,1378,3571,3274,20538
292,1538,3574,3276,18209
290,1603,3588,3341,18528
291,1808,3588,3996,20391
288,1500,3596,3198,17873
286,2100,3600,4020,24000
498,1433,2662,3079,18061
282,1990,3609,4411,26729
280,2126,3615,4670,25683
277,2146,3628,6563,35310
600,871,2202,1946,9922
274,2149,3644,5600,30183
589,863,2261,1928,9964
273,2005,3659,5156,29429
270,1819,3675,3948,20336
269,2171,3691,5537,30118
268,1760,3701,3800,23886
265,1683,3717,3391,18176
262,2208,3723,6212,41785
261,2092,3724,5604,30674
257,1825,3735,3955,20435
256,2158,3740,6589,35435
254,2040,3749,5191,35031
253,2081,3751,6680,35159
251,2224,3758,6394,39430
434,1429,2966,3054,17621
249,2239,3767,7468,35194
247,2003,3768,4316,27123
248,2310,3768,7556,35546
245,1852,3773,4188,21498
241,1496,3786,3964,19461
567,970,2329,2039,10399
242,1496,3786,3964,19461
243,2018,3786,5214,30673
239,2176,3791,6277,39098
237,2201,3794,6348,33669
236,1593,3800,3497,16077
234,2026,3807,5003,34974
233,1609,3812,4064,22325
232,2021,3826,5299,30668
231,1913,3831,5057,28937
230,2240,3833,6261,40226
228,2120,3847,7451,34797
227,2034,3849,4994,35030
226,2100,3855,6237,33363
525,1424,2521,3108,18000
565,914,2336,2036,10062
562,924,2350,2010,10116
224,1931,3869,5561,30951
222,2058,3870,5286,29650
223,2359,3870,7623,41216
220,2224,3884,6249,39222
534,1309,2484,3133,17473
217,1821,3898,4524,20876
216,2080,3908,5415,31808
215,2336,3913,6342,34096
214,2052,3921,4535,27927
212,2382,3932,6393,34396
4,5192,7325,22748,107866
558,919,2383,2020,10233
209,1482,3950,3756,21222
207,2522,3957,8311,42011
203,2176,3971,6176,39336
202,2089,3991,5605,33821
200,2115,4009,6761,35529
201,2103,4009,5259,35373
199,2024,4024,4405,27495
250,2018,3759,4619,25239
554,964,2399,2062,10647
334,1957,3399,4548,24706
195,2059,4063,7620,34289
192,2153,4078,4878,30110
191,1598,4079,3999,22197
552,961,2403,2024,10322
370,1877,3258,4270,24020
188,2572,4115,8074,39598
283,1836,3603,4126,23441
408,1985,3107,4486,24856
526,1800,2520,4440,24000
184,2620,4129,6617,35943
546,1006,2443,2037,10243
183,2135,4138,5663,32476
541,1065,2465,2109,10757
531,982,2497,2058,10444
182,1600,4140,3720,18500
181,2327,4142,6487,34723
180,1828,4159,3949,20351
179,2324,4177,5514,30839
178,2234,4180,6221,40044
177,1950,4181,4621,29889
175,1889,4183,4992,32314
506,986,2624,2065,10763
174,2942,4186,7773,36197
173,1455,4191,3368,20936
172,1997,4193,5894,32299
171,1760,4207,4894,31781
170,2205,4213,6290,39646
169,2913,4216,8880,47161
168,2240,4217,6278,39678
166,2662,4234,8003,43416
165,1858,4236,4940,32018
164,2826,4239,9506,43613
163,2934,4240,7015,43172
67,3894,5427,13822,64397
160,1742,4276,3866,21822
159,2275,4279,6481,34468
156,1339,4291,3630,15894
157,1647,4291,3333,18597
155,2405,4294,7922,44425
154,2669,4298,8315,38005
153,2119,4306,5759,32449
505,1069,2626,2121,10942
152,2671,4314,8066,44838
151,3083,4315,8068,50785
150,2965,4331,7824,36813
149,1941,4340,5180,29307
147,2381,4351,7965,44344
146,2147,4354,5677,32543
145,2277,4357,6120,28698
144,2027,4376,5424,31765
30,4057,5848,11533,73190
142,1942,4388,4650,29783
141,2259,4400,6193,29618
140,2292,4413,6562,37320
117,3503,4698,8937,61686
137,1600,4440,4260,20000
138,2100,4440,6240,33700
135,2062,4490,5612,31950
134,2326,4494,6611,37489
133,2231,4497,5763,32642
132,1955,4545,5358,23555
131,2390,4566,6784,40000
130,1815,4596,3767,21120
129,1814,4599,3768,21116
128,2388,4602,6729,38211
127,2248,4612,5607,29773
125,2234,4645,6375,36151
124,2770,4654,7471,34873
502,999,2632,2093,10715
497,995,2663,2074,10815
494,1088,2668,2372,12173
123,2096,4662,5365,28990
111,2737,4769,9029,47484
121,2619,4665,8369,37638
122,2816,4664,9122,50123
119,2784,4680,9070,50018
118,1981,4696,4707,23898
823,1200,1560,3120,19530
115,3058,4714,7955,37248
114,2018,4716,5408,31671
576,1462,2304,3295,19669
112,2267,4740,6154,28915
492,1031,2678,2150,10978
487,1090,2709,2146,11050
403,1532,3118,3417,20591
110,2343,4773,6629,37789
480,1217,2731,2505,12957
464,1440,2809,3188,19593
185,2150,4125,5794,32584
109,3100,4800,9000,38000
197,2110,4038,5734,32285
143,2842,4382,7370,45420
481,1217,2731,2505,12957
104,3594,4834,8289,42075
103,2204,4869,6221,27522
120,2836,4674,7365,45386
477,1075,2739,2146,11100
467,1238,2792,2496,12843
100,3095,4895,8821,40469
99,3013,4899,7811,36566
98,2482,4954,8639,44036
97,2652,4970,7697,43980
465,1160,2807,2193,11214
451,1294,2877,2666,13587
96,2483,5015,5694,33621
95,3684,5017,6716,45360
93,2765,5019,9003,48339
92,2756,5035,9021,48252
91,2057,5061,5156,26995
90,2779,5089,9051,48418
436,1085,2953,2173,11151
22,5159,6051,17485,93951
88,2167,5110,5951,27646
432,1225,2986,2440,12202
113,3447,4722,12122,57645
86,2752,5119,9588,46370
85,1968,5138,4626,23774
84,2738,5154,10576,50427
83,2865,5165,10034,47370
82,2269,5171,7460,39971
81,2542,5176,7343,37595
80,2723,5185,9487,48710
79,2152,5192,5022,25174
78,3363,5240,11722,52294
77,2680,5264,8837,44828
425,1266,3029,2628,13144
393,1280,3179,2573,13166
107,3000,4800,7500,45700
75,2822,5295,8221,42998
211,2504,3940,7021,42760
73,2327,5340,7270,40919
72,2717,5365,7898,44804
71,2769,5366,9034,48299
70,1945,5380,4714,25729
161,2392,4269,7055,41907
68,2171,5402,7307,37745
229,2700,3840,9000,310542
89,3845,5097,10402,68557
65,2701,5442,7979,44254
378,1012,3248,1802,10726
347,1600,3350,3300,14000
64,3157,5451,10396,54455
205,2721,3964,9057,49228
61,3084,5460,12484,60436
62,2748,5460,8116,40490
60,2361,5461,7996,36312
139,2735,4435,8987,49131
58,3573,5506,6850,43957
57,2346,5512,6800,30000
348,1600,3350,3300,15762
326,1118,3448,2348,12452
56,3721,5516,5487,47568
446,1906,2922,4037,25427
53,3178,5538,12649,64868
52,3179,5541,12565,59440
51,2354,5574,6689,31051
50,2882,5602,9300,51597
49,2737,5609,10187,49795
47,3502,5613,6839,43579
46,2271,5618,5357,25468
322,1375,3474,3070,14801
45,3738,5653,6383,46482
44,3287,5708,11696,53050
42,2732,5750,9022,47442
317,1566,3498,3014,12819
41,2092,5770,5045,25151
40,2742,5775,8910,45816
39,4227,5784,12592,74492
316,1379,3508,3062,14828
37,2041,5788,5125,24765
304,1412,3540,3257,15209
38,3831,5788,9588,47409
36,2986,5789,10029,54747
35,2909,5797,10018,52285
34,2953,5800,9363,49285
33,3837,5803,9590,47438
31,1842,5827,4065,21873
240,2822,3787,6911,36593
29,2806,5854,10773,53286
28,2180,5857,6061,27944
27,3767,5864,12678,62881
26,2070,5941,4816,26125
25,3240,5995,11250,50250
24,2772,5997,9495,48983
23,3030,6032,9097,48623
190,2362,4085,5804,32712
21,2767,6090,9445,49016
20,2461,6100,7659,38433
300,1638,3550,3493,17840
19,3154,6116,9211,40222
18,3018,6262,10181,52913
17,3500,6264,8826,62036
298,1568,3553,3392,17478
16,3762,6290,17001,79937
15,2574,6439,7648,33375
14,3887,6488,16002,73452
13,2741,6504,9723,48390
12,3714,6540,12528,76447
11,3437,6542,14887,65993
10,3300,6600,9500,37600
210,1555,3944,2970,15854
9,2899,6680,10862,53868
7,3044,6763,7882,39223
8,3607,6763,12514,58727
6,4233,6831,18663,91950
5,2944,7049,11139,53671
219,2535,3884,6275,35159
108,3000,4800,9000,51000
2,4637,8016,20953,103639
1,6377,9695,25220,136268
